9/4/2025 10:38,1236527731,-,Tombol: menu_formatsurat
9/4/2025 10:38,1236527731,-,Tombol: folder|Sakti Web
9/4/2025 10:38,1236527731,-,Tombol: file|Sakti Web|Format SK User SAKTI.docx
9/4/2025 11:11,1236527731,-,Tombol: folder|Aplikasi Gaji Web
9/4/2025 11:12,1236527731,-,Tombol: file|Aplikasi Gaji Web|Surat Perubahan GPP Terpusat.docx
9/4/2025 11:16,6337912079,vivialatas,Tombol: menu_formatsurat
9/4/2025 11:16,6337912079,vivialatas,Tombol: folder|SKPP
9/4/2025 11:16,6337912079,vivialatas,Tombol: folder|Uang Muka Kontrak
9/4/2025 16:34,714096905,-,Tombol: menu_formatsurat
9/4/2025 16:34,714096905,-,Tombol: menu_faq
9/4/2025 16:34,714096905,-,Tombol: folder|Aplikasi Gaji Web
9/4/2025 16:34,714096905,-,Tombol: back_to_folder
9/4/2025 16:35,714096905,-,Tombol: back_to_folder
9/8/2025 10:34,1236527731,-,Tombol: menu_formatsurat
9/8/2025 10:34,1236527731,-,Tombol: menu_faq
9/8/2025 11:54,1236527731,-,Tombol: menu_faq
9/8/2025 13:57,1236527731,-,Tombol: menu_formatsurat
9/8/2025 13:57,1236527731,-,Tombol: menu_juknis
9/8/2025 13:59,1236527731,-,Tombol: menu_formatsurat
9/8/2025 14:16,1236527731,-,Tombol: menu_glosarium
9/8/2025 14:18,1236527731,-,Tombol: glosarium|1
9/8/2025 14:18,1236527731,-,Tombol: glosarium|2
9/8/2025 14:18,1236527731,-,Tombol: glosarium|3
9/8/2025 14:18,1236527731,-,Tombol: glosarium|4
9/8/2025 14:18,1236527731,-,Tombol: glosarium|5
9/8/2025 14:18,1236527731,-,Tombol: glosarium|3
9/8/2025 14:18,1236527731,-,Tombol: glosarium|2
9/8/2025 14:18,1236527731,-,Tombol: glosarium|1
9/8/2025 14:18,1236527731,-,Tombol: glosarium|0
9/8/2025 14:26,1236527731,-,Tombol: menu_formatsurat
9/9/2025 9:27,1236527731,-,Tombol: juknis_sakti
9/9/2025 9:28,1236527731,-,Tombol: juknis_gaji
9/9/2025 9:45,1236527731,-,Tombol: menu_juknis
9/9/2025 9:45,1236527731,-,Tombol: menu_faq
9/9/2025 9:45,1236527731,-,Tombol: juknis_gaji
9/9/2025 9:58,1236527731,-,Tombol: folder|Aplikasi Gaji Web
9/9/2025 11:00,1236527731,-,Tombol: folder|Aplikasi Gaji Web
9/9/2025 11:00,1236527731,-,Tombol: folder|Dispensasi
9/9/2025 11:32,1236527731,-,Tombol: file|Dispensasi|Dispensasi Gaji.docx
9/9/2025 11:32,1236527731,-,Tombol: file|Dispensasi|Dispensasi Uang Makan.doc
9/9/2025 11:32,1236527731,-,Tombol: file|Dispensasi|Dispensasi Uang Makan.doc
9/9/2025 11:33,1236527731,-,Tombol: back_to_folder
9/9/2025 11:33,1236527731,-,Tombol: file|Dispensasi|Dispensasi Uang Makan.doc
9/9/2025 11:33,1236527731,-,Tombol: folder|Void Pembatalan SP2D
9/9/2025 11:34,1236527731,-,Tombol: folder|SPTJM
9/9/2025 11:37,1236527731,-,Tombol: file|Dispensasi|Dispensasi Uang Makan.doc
9/9/2025 11:37,1236527731,-,Tombol: file|SPTJM|SPTJM Void Bast.docx
9/9/2025 11:37,1236527731,-,Tombol: file|SPTJM|SPTJM Void Bast.docx
9/9/2025 11:37,1236527731,-,Tombol: file|SPTJM|SPTJM Void Bast.docx
9/9/2025 11:37,1236527731,-,Tombol: file|SPTJM|SPTJM Penghasilan PPNPN.docx
9/9/2025 11:37,1236527731,-,Tombol: back_to_folder
9/9/2025 11:37,1236527731,-,Tombol: folder|Aplikasi Gaji Web
9/9/2025 11:37,1236527731,-,Tombol: file|Aplikasi Gaji Web|Surat Perubahan GPP Terpusat.docx
9/9/2025 11:39,1236527731,-,Tombol: menu_formatsurat
9/9/2025 11:39,1236527731,-,Tombol: folder|Supplier dan Kontrak
9/9/2025 11:39,1236527731,-,Tombol: folder|Supplier dan Kontrak
9/9/2025 11:39,1236527731,-,Tombol: folder|Uang Muka Kontrak
9/9/2025 11:40,1236527731,-,Tombol: folder|SKPP
9/9/2025 11:41,1236527731,-,Tombol: folder|Aplikasi Gaji Web
9/9/2025 11:41,1236527731,-,Tombol: folder|Contoh Dokumen Kontrak
9/9/2025 11:41,1236527731,-,Tombol: file|Contoh Dokumen Kontrak|BA Pembayaran.docx
9/9/2025 11:41,1236527731,-,Tombol: file|Contoh Dokumen Kontrak|BAST Barang.docx
9/9/2025 11:41,1236527731,-,Tombol: folder|Aplikasi Gaji Web
9/9/2025 11:41,1236527731,-,Tombol: folder|Dispensasi
9/9/2025 11:42,1236527731,-,Tombol: folder|Aplikasi Gaji Web
9/9/2025 11:42,1236527731,-,Tombol: file|Aplikasi Gaji Web|Pendaftaran User Gaji Web.docx
9/9/2025 11:42,1236527731,-,Tombol: file|Dispensasi|Dispensasi Pendaftaran ADK Kontrak.doc
9/9/2025 11:42,1236527731,-,Tombol: back_to_folder
9/9/2025 11:42,1236527731,-,Tombol: folder|Contoh Dokumen Kontrak
9/9/2025 11:42,1236527731,-,Tombol: back_to_folder
9/9/2025 11:43,1236527731,-,Tombol: folder|Contoh Dokumen Kontrak
9/9/2025 11:43,1236527731,-,Tombol: back_to_folder
9/9/2025 14:26,1236527731,-,Tombol: menu_formatsurat
9/9/2025 14:26,1236527731,-,Tombol: menu_faq
9/9/2025 14:26,1236527731,-,Tombol: menu_glosarium
